"iso","umd_tree_cover_extent_2000__ha","area__ha"
"PER",69103439.72217077481212444,69148716.54195349557570553
