"iso","umd_tree_cover_extent_2000__ha","area__ha"
"RWA",53731.80582522463629020,53781.84105344727488240
