"iso","umd_tree_cover_extent_2000__ha","area__ha"
"MYS",15939453.85246004490026577,15947052.63467136936465878
