"iso","umd_tree_cover_extent_2000__ha","area__ha"
"IDN",93837980.89189269200402719,93872257.80225437720473344
