"iso","umd_tree_cover_extent_2000__ha","area__ha"
"IDN",93837922.08520228928729831,93872195.99894608102182121
