"iso","umd_tree_cover_extent_2000__ha","area__ha"
"BRA",343108415.91472603327224502,343260979.09319977872284538
