"iso","umd_tree_cover_extent_2000__ha","area__ha"
"BRA",343229983.06632128985905943,343383393.97015034896558924
